variable,ai_presence,log_churn,log_files_changed,log_commits,log_lifetime,log_human_comment_count,log_human_reviewer_count,is_self_merged
ai_presence,1,0.06801729142893065,0.032361851190049175,0.028685527515428237,0.019140239620310535,-0.0091283642754246,0.31056213869132543,0.180586261339575
log_churn,0.06801729142893065,1,0.8134708152124471,0.5944075500422996,0.3158475497793628,0.22195024586699366,0.15683123381185712,0.14952563155535092
log_files_changed,0.032361851190049175,0.8134708152124471,1,0.5569282594601572,0.3237723248885211,0.22509607498925935,0.1316369598963266,0.09431750532534884
log_commits,0.028685527515428237,0.5944075500422996,0.5569282594601572,1,0.5138498675400296,0.46358906911375486,0.3076527223944988,0.026703516692300134
log_lifetime,0.019140239620310535,0.3158475497793628,0.3237723248885211,0.5138498675400296,1,0.5435690526148896,0.39771331959795936,-0.27875462817194147
log_human_comment_count,-0.0091283642754246,0.22195024586699366,0.22509607498925935,0.46358906911375486,0.5435690526148896,1,0.5764483220322846,-0.25159561198664343
log_human_reviewer_count,0.31056213869132543,0.15683123381185712,0.1316369598963266,0.3076527223944988,0.39771331959795936,0.5764483220322846,1,-0.18122908521463624
is_self_merged,0.180586261339575,0.14952563155535092,0.09431750532534884,0.026703516692300134,-0.27875462817194147,-0.25159561198664343,-0.18122908521463624,1
