analysis,n,aic,null_deviance,residual_deviance,mcfadden_r2
combined_tighter_with_human,5267,4809.680451911144,6587.608906801519,4787.680451911144,0.27322940392408546
