term,vif_comparable
ai_presence,7.125101963635382
period,7.267732211806443
log_churn,2.6207978386201893
log_files_changed,2.399775501869289
log_commits,1.9747413345925866
log_lifetime,1.781867463747958
repo,1.3255930321963643
log_human_comment_count,2.4437902669991103
log_human_reviewer_count,2.0309643760513443
is_self_merged,1.2830424813948345
