variable,ai_presence,log_churn,log_files_changed,log_commits,log_lifetime,log_human_comment_count,log_human_reviewer_count,is_self_merged
ai_presence,1,0.013864762328663776,0.015650105159740527,0.1138046660961028,0.05823793163305674,0.11200506791687334,0.09090114972340316,0.08183093912688238
log_churn,0.013864762328663776,1,0.7964295185646164,0.6320289242638774,0.3361701858403167,0.3196674731483237,0.23401487173509286,0.1480246376325312
log_files_changed,0.015650105159740527,0.7964295185646164,1,0.6132367694593194,0.3666114295882077,0.34374775094081955,0.22244812386140708,0.08355553572103204
log_commits,0.1138046660961028,0.6320289242638774,0.6132367694593194,1,0.5088435503550501,0.5033955854314126,0.3529416307914099,0.04837500671810668
log_lifetime,0.05823793163305674,0.3361701858403167,0.3666114295882077,0.5088435503550501,1,0.52017444265569,0.3820668698524803,-0.1937863121557223
log_human_comment_count,0.11200506791687334,0.3196674731483237,0.34374775094081955,0.5033955854314126,0.52017444265569,1,0.5729576712611545,-0.11836098746599649
log_human_reviewer_count,0.09090114972340316,0.23401487173509286,0.22244812386140708,0.3529416307914099,0.3820668698524803,0.5729576712611545,1,-0.0892833801387802
is_self_merged,0.08183093912688238,0.1480246376325312,0.08355553572103204,0.04837500671810668,-0.1937863121557223,-0.11836098746599649,-0.0892833801387802,1
