analysis,n,aic,null_deviance,residual_deviance,mcfadden_r2
post_tighter_with_human,3280,2989.0059750835458,4190.164238273911,2969.0059750835458,0.29143446264851114
