variable,ai_presence,log_churn,log_files_changed,log_commits,log_lifetime
ai_presence,1,0.013864762328663776,0.015650105159740527,0.1138046660961028,0.05823793163305674
log_churn,0.013864762328663776,1,0.7964295185646164,0.6320289242638774,0.3361701858403167
log_files_changed,0.015650105159740527,0.7964295185646164,1,0.6132367694593194,0.3666114295882077
log_commits,0.1138046660961028,0.6320289242638774,0.6132367694593194,1,0.5088435503550501
log_lifetime,0.05823793163305674,0.3361701858403167,0.3666114295882077,0.5088435503550501,1
