analysis,n,aic,null_deviance,residual_deviance,mcfadden_r2
post_tighter_no_human,3280,3039.512740410775,4190.164238273911,3025.512740410775,0.27794888974158694
