term,vif_comparable
ai_presence,1.0630771819488647
log_churn,2.489205353555494
log_files_changed,2.3710852505769333
log_commits,1.871569967336516
log_lifetime,1.4982701515749777
repo,1.1188436085852784
