variable,ai_presence,log_churn,log_files_changed,log_commits,log_lifetime
ai_presence,1,0.06801729142893065,0.032361851190049175,0.028685527515428237,0.019140239620310535
log_churn,0.06801729142893065,1,0.8134708152124471,0.5944075500422996,0.3158475497793628
log_files_changed,0.032361851190049175,0.8134708152124471,1,0.5569282594601572,0.3237723248885211
log_commits,0.028685527515428237,0.5944075500422996,0.5569282594601572,1,0.5138498675400296
log_lifetime,0.019140239620310535,0.3158475497793628,0.3237723248885211,0.5138498675400296,1
