analysis,n,aic,null_deviance,residual_deviance,mcfadden_r2
combined_tighter_no_human,5267,4875.403022349998,6587.608906801519,4859.403022349998,0.2623419071929419
