term,vif_comparable
ai_presence,6.999016921216117
period,6.920313733291051
log_churn,2.5319918017411047
log_files_changed,2.2882883719688016
log_commits,1.7586627320476418
log_lifetime,1.476246380779134
repo,1.1390940422426936
